[
 {
  "id": 4,
  "nama_parpol": "Partai Nasdem",
  "akronim": "NasDem",
  "no_sk_lambang_pp": "HKI.4-KI.06.04-515",
  "no_bn_pp_terdaftar": 97,
  "tgl_bn_pp_terdaftar": "12\/06\/2011",
  "nama_notaris": "Rr. Y. Tutiek Setia Murni, SH., MH.",
  "no_akte_notaris": 1,
  "alamat_notaris": "Jl. Kramat VI No. 49 Jakarta Pusat 10430",
  "tgl_akta_notaris": "04\/08\/2011",
  "no_ad_art": "M.HH-11.AH.11.01 TAHUN 2019",
  "tgl_ad_art": "12\/20\/2019",
  "email": "dpp@nasdem.id",
  "website": "www.nasdem.id",
  "no urut pemilu 2024": 5
 },
 {
  "id": 5,
  "nama_parpol": "Partai Hati Nurani Rakyat",
  "akronim": "HANURA",
  "no_sk_lambang_pp": "C00201203729",
  "no_bn_pp_terdaftar": "No.36",
  "tgl_bn_pp_terdaftar": "05\/02\/2008",
  "nama_notaris": "HERLINA PAKPAHAN, SH.",
  "no_akte_notaris": "NO. 07",
  "alamat_notaris": "WISMA KAHA, JL. K.H. Abdullah Syafe'i 21 B Lt.4, Tebet Jakarta Selatan",
  "tgl_akta_notaris": "07\/26\/2022",
  "no_ad_art": "08\/KEP.MUNAS-III\/HANURA\/XII\/2019",
  "tgl_ad_art": "12\/17\/2019",
  "email": "info@hanura.or.id",
  "website": "https:\/\/partaihanura.or.id",
  "no urut pemilu 2024": 10
 },
 {
  "id": 6,
  "nama_parpol": "PARTAI KEADILAN SEJAHTERA",
  "akronim": "PKS",
  "no_sk_lambang_pp": "M.HH-24.AH.11.01 TAHUN 2020",
  "no_bn_pp_terdaftar": "No. 80 tahun 2003",
  "tgl_bn_pp_terdaftar": "10\/07\/2003",
  "nama_notaris": "AULIA TAUFANI, S.H.",
  "no_akte_notaris": "Nomor 6 Tahun 2021",
  "alamat_notaris": "Menara Sudirman Lantai 18 Lot ABD Jl. Jendral Sudirman Kav 60 Jakarta Selatan 12190",
  "tgl_akta_notaris": "03\/04\/2021",
  "no_ad_art": "M.HH-04.AH.11.01 TAHUN 2021",
  "tgl_ad_art": "04\/19\/2021",
  "email": "setjen@pks.id",
  "website": "www.pks.id",
  "no urut pemilu 2024": 8
 },
 {
  "id": 7,
  "nama_parpol": "Partai Amanat Nasional",
  "akronim": "PAN",
  "no_sk_lambang_pp": "AHU.4.AH.11.06-32",
  "no_bn_pp_terdaftar": 15,
  "tgl_bn_pp_terdaftar": "02\/19\/1999",
  "nama_notaris": "Asbar Imran, S.H.",
  "no_akte_notaris": 8,
  "alamat_notaris": "Jalan Ahmad Yani No. 30E, Kota Kendari",
  "tgl_akta_notaris": "02\/28\/2020",
  "no_ad_art": 8,
  "tgl_ad_art": "02\/28\/2020",
  "email": "dpp.partaiamanatnasional@gmail.com",
  "website": "pan.or.id",
  "no urut pemilu 2024": 12
 },
 {
  "id": 8,
  "nama_parpol": "Partai Kebangkitan Bangsa",
  "akronim": "PKB",
  "no_sk_lambang_pp": "AHU.4.AH.11.06-23",
  "no_bn_pp_terdaftar": "No.17",
  "tgl_bn_pp_terdaftar": "02\/26\/1999",
  "nama_notaris": "GDE KERTAYASA, SH.",
  "no_akte_notaris": "4.-",
  "alamat_notaris": "Jakarta",
  "tgl_akta_notaris": "01\/29\/1999",
  "no_ad_art": "M.HH-03.AH.11.01 TAHUN 2019",
  "tgl_ad_art": "08\/30\/2019",
  "email": "dpp@pkb.id",
  "website": "pkb.id",
  "no urut pemilu 2024": 1
 },
 {
  "id": 9,
  "nama_parpol": "Partai Golongan Karya",
  "akronim": "Partai GOLKAR",
  "no_sk_lambang_pp": "HKI.4-HI.06 01-905",
  "no_bn_pp_terdaftar": "M.HH-24.AH.11.01 TAHUN 2021",
  "tgl_bn_pp_terdaftar": "12\/03\/2021",
  "nama_notaris": "MIRYANY USMAN, S.H.",
  "no_akte_notaris": 1,
  "alamat_notaris": "Jl. Wijaya I No. 9 A-B Kebayoran Baru, Jakarta Selatan",
  "tgl_akta_notaris": "11\/02\/2021",
  "no_ad_art": "VIII\/MUNAS-X\/GOLKAR\/2019",
  "tgl_ad_art": "12\/23\/2019",
  "email": "stafsekjen@gmail.com",
  "website": "www.partaigolkar.com",
  "no urut pemilu 2024": 4
 },
 {
  "id": 10,
  "nama_parpol": "Partai Gerakan Indonesia Raya",
  "akronim": "Partai GERINDRA",
  "no_sk_lambang_pp": "AHU.4.AH.11.06.8",
  "no_bn_pp_terdaftar": 35,
  "tgl_bn_pp_terdaftar": "04\/29\/2008",
  "nama_notaris": "LIENA LATIEF, S.H.",
  "no_akte_notaris": 1,
  "alamat_notaris": "Jl. Bintaro Raya Tengah N I\/11 Bintaro Jaya",
  "tgl_akta_notaris": "02\/06\/2008",
  "no_ad_art": "M.HH-18.AH.11.01",
  "tgl_ad_art": "09\/08\/2020",
  "email": "sekretariat@gerindra.id",
  "website": "http:\/\/partaigerindra.or.id\/",
  "no urut pemilu 2024": 2
 },
 {
  "id": 11,
  "nama_parpol": "Partai Persatuan Pembangunan",
  "akronim": "PPP",
  "no_sk_lambang_pp": "AHU.4.AH.11.04-2",
  "no_bn_pp_terdaftar": 60,
  "tgl_bn_pp_terdaftar": "07\/21\/2022",
  "nama_notaris": "YUDO PARIPURNO, S.H",
  "no_akte_notaris": 32,
  "alamat_notaris": "JL. LATUHARHARY NO.17 A, MENTENG, JAKARTA PUSAT",
  "tgl_akta_notaris": "02\/17\/1999",
  "no_ad_art": "04\/TAP\/MUKTAMAR IX\/PPP\/2020",
  "tgl_ad_art": "12\/19\/2020",
  "website": "https:\/\/ppp.or.id\/",
  "no urut pemilu 2024": 17
 },
 {
  "id": 12,
  "nama_parpol": "Partai Demokrasi Indonesia Perjuangan",
  "akronim": "PDI PERJUANGAN",
  "no_sk_lambang_pp": "M-14.UM.06.08 TAHUN 2003",
  "no_bn_pp_terdaftar": "M.UM.06.08-30 TAHUN 1999",
  "tgl_bn_pp_terdaftar": "02\/09\/1999",
  "nama_notaris": "NADRAH IZAHARI, S.H., M.Kn.",
  "no_akte_notaris": "05-Jun",
  "alamat_notaris": "JL. JATIWARINGIN 245A RT.05 RW.05 KELURAHAN JATICEMPAKA KECAMATAN PONDOK GEDE, KOTA BEKASI",
  "tgl_akta_notaris": "09\/25\/2019",
  "no_ad_art": "M.HH-05.AH.11.01 TAHUN 2019",
  "tgl_ad_art": "09\/27\/2019",
  "email": "sekretariat@pdiperjuangan.id",
  "website": "www.pdiperjuangan.id",
  "no urut pemilu 2024": 3
 },
 {
  "id": 13,
  "nama_parpol": "Partai Demokrat",
  "akronim": "PD",
  "no_sk_lambang_pp": "IDM000201281",
  "no_bn_pp_terdaftar": 81,
  "tgl_bn_pp_terdaftar": "10\/09\/2001",
  "nama_notaris": "ASWENDI KAMULI, SH",
  "no_akte_notaris": 9,
  "alamat_notaris": "Gd. Fuyinto Sentra Mampang Lt.3, Jl. Mampang Prapatan Raya No. 28, Jakarta Selatan 12790",
  "tgl_akta_notaris": "09\/10\/2001",
  "no_ad_art": "M.HH-09.AH.11.01 TAHUN 2020",
  "tgl_ad_art": "05\/18\/2020",
  "website": "demokrat.or.id",
  "no urut pemilu 2024": 14
 },
 {
  "id": 18,
  "nama_parpol": "PARTAI PERINDO",
  "akronim": "PERSATUAN INDONESIA",
  "no_sk_lambang_pp": "IDM000966966",
  "no_bn_pp_terdaftar": 82,
  "tgl_bn_pp_terdaftar": "10\/14\/2014",
  "nama_notaris": "JOSE DIMA SATRIA , SH., M.Kn",
  "no_akte_notaris": 2,
  "alamat_notaris": "Jalan Madrasah Komplek Taman Gandaria Kav.11a, Kel. Gandaria Selatan Kec. Cilandak, Jakarta Selatan. 12420",
  "tgl_akta_notaris": "08\/02\/2021",
  "no_ad_art": 2,
  "tgl_ad_art": "08\/02\/2021",
  "email": "sekretariat@partaiperindo.com",
  "website": "www.partaiperindo.com",
  "no urut pemilu 2024": 16
 },
 {
  "id": 26,
  "nama_parpol": "Partai Kebangkitan Nusantara",
  "akronim": "PKN",
  "no_sk_lambang_pp": "M.HH-3.AH.11.01 TAHUN 2022",
  "no_bn_pp_terdaftar": 6,
  "tgl_bn_pp_terdaftar": "01\/21\/2022",
  "nama_notaris": "MZ. HAKIM, S.H.,M.Kn",
  "no_akte_notaris": 10,
  "alamat_notaris": "Kota Tangerang",
  "tgl_akta_notaris": "11\/29\/2021",
  "no_ad_art": "M.HH-3.AH.11.01 TAHUN 2022",
  "tgl_ad_art": "01\/07\/2022",
  "email": "pimnaspkn@gmail.com",
  "website": "https:\/\/pimnas-pkn.id\/",
  "no urut pemilu 2024": 9
 },
 {
  "id": 41,
  "nama_parpol": "Partai Buruh",
  "akronim": "Partai Buruh",
  "no_sk_lambang_pp": "AHU.4.AH.11.06-27",
  "no_bn_pp_terdaftar": 35,
  "tgl_bn_pp_terdaftar": "04\/29\/2008",
  "nama_notaris": "Esi Susanti, S.H., M.Kn",
  "no_akte_notaris": 7,
  "alamat_notaris": "Jl. Riau No. 25 Gondangdia, Kecamatan Menteng, Jakarta Pusat 10350",
  "tgl_akta_notaris": "03\/19\/2022",
  "no_ad_art": "M.HH-04.AH.11.03 TAHUN 2022",
  "tgl_ad_art": "03\/19\/2022",
  "email": "exco.partaiburuh@partaiburuh.or.id",
  "website": "www.partaiburuh.or.id",
  "no urut pemilu 2024": 6
 },
 {
  "id": 44,
  "nama_parpol": "Partai Garda Perubahan Indonesia",
  "akronim": "Partai Garuda",
  "no_sk_lambang_pp": "M.HH-21.AH.11.01 TAHUN 2021",
  "no_bn_pp_terdaftar": 50,
  "tgl_bn_pp_terdaftar": "06\/24\/2022",
  "nama_notaris": "Ilmiawan Dekrit S, SH. MH",
  "no_akte_notaris": 21,
  "alamat_notaris": "Jl. Meruya Ilir Raya No.4 Srengseng, Kembangan Jakarta Barat",
  "tgl_akta_notaris": "09\/12\/2021",
  "no_ad_art": "M.HH-21.AH.11.01 TAHUN 2021",
  "tgl_ad_art": "10\/28\/2021",
  "email": "dpp@partaigaruda.org",
  "website": "www.partaigaruda.org",
  "no urut pemilu 2024": 11
 },
 {
  "id": 74,
  "nama_parpol": "Partai Bulan Bintang",
  "akronim": "PBB",
  "no_sk_lambang_pp": "M.HH-01.AH.11.03 TAHUN 2023",
  "no_bn_pp_terdaftar": 68,
  "tgl_bn_pp_terdaftar": "08\/26\/2003",
  "nama_notaris": "Muhammad Hanafi, SH",
  "no_akte_notaris": 14,
  "alamat_notaris": "Komplek Rukan Tendean Square No.26, Jl Wolter Mongonsidi No. 122-124, Kebayoran Baru-Jakarta Selatan",
  "tgl_akta_notaris": "01\/19\/2022",
  "no_ad_art": "06\/TAP\/Muktamar V\/2019 & 07\/TAP\/Muktamar V\/2019",
  "tgl_ad_art": "09\/26\/2019",
  "email": "dpppartaibulanbintang@yahoo.co.id",
  "website": "https:\/\/partaibulanbintang.or.id\/",
  "no urut pemilu 2024": 13
 },
 {
  "id": 76,
  "nama_parpol": "Partai Solidaritas Indonesia",
  "akronim": "PSI",
  "no_sk_lambang_pp": "AHU.4.AH.11.06-16",
  "no_bn_pp_terdaftar": 87,
  "tgl_bn_pp_terdaftar": "11\/01\/2016",
  "nama_notaris": "Lilly Fitriyani, SH",
  "no_akte_notaris": 6,
  "alamat_notaris": "Pondok Makmur Jl. Jambu II B5S No. 9, Kel. Kutabaru, Kec. Pasar Kemis, Kab. Tangerang",
  "tgl_akta_notaris": "07\/18\/2022",
  "no_ad_art": "M.HH-18.AH.11.01 TAHUN 2021",
  "tgl_ad_art": "10\/25\/2021",
  "email": "sekretariat@psi.id",
  "website": "psi.id",
  "no urut pemilu 2024": 15
 },
 {
  "id": 77,
  "nama_parpol": "Partai Gelombang Rakyat Indonesia",
  "akronim": "GELORA INDONESIA",
  "no_sk_lambang_pp": "IDM000907831",
  "no_bn_pp_terdaftar": "NO. 24",
  "tgl_bn_pp_terdaftar": "03\/25\/2022",
  "nama_notaris": "MAHENDRA ADINEGARA, S.H., M.Kn",
  "no_akte_notaris": "16 & 17",
  "alamat_notaris": "Gandaria 8 Office Tower Floor 12 Unit B JI. lskandar Muda Kebayoran Lama - Jakarta Selatan 12240",
  "tgl_akta_notaris": "11\/11\/2019",
  "no_ad_art": "M.HH-12.AH.11.01 TAHUN 2020",
  "tgl_ad_art": "05\/19\/2020",
  "email": "info@partaigelora.id",
  "website": "partaigelora.id",
  "no urut pemilu 2024": 7
 },
 {
  "id": 78,
  "nama_parpol": "Partai Ummat",
  "akronim": "Partai Ummat",
  "no_sk_lambang_pp": "AHU.4.AH.11.06-22",
  "no_bn_pp_terdaftar": 71,
  "tgl_bn_pp_terdaftar": "09\/03\/2021",
  "nama_notaris": "MUHAMMAD FIRDAUZ IBNU PAMUNGKAS, S.H.",
  "no_akte_notaris": 23,
  "alamat_notaris": "Jl. Taman Siswa No. 108 C Yogyakarta 55151",
  "tgl_akta_notaris": "04\/25\/2021",
  "no_ad_art": "M.HH-06.AH.11.03 TAHUN 2022",
  "tgl_ad_art": "07\/04\/2022",
  "email": "sekretariat@partaiummat.id",
  "website": "www.partaiummat.id",
  "no urut pemilu 2024": 24
 },
 {
  "id": 79,
  "nama_parpol": "Partai Aceh",
  "akronim": "PA",
  "no_sk_lambang_pp": "W1-125.AH.11.01",
  "no_bn_pp_terdaftar": 34,
  "tgl_bn_pp_terdaftar": "04\/28\/2023",
  "nama_notaris": "CUT ERA FITRIYENI, S.H.,M.Kn",
  "no_akte_notaris": 60,
  "alamat_notaris": "JALAN Mr. MOHD. HASAN DESA LAMPEUNEURUT GAMPONG KECAMATAN DARUL IMARAH KABUPATEN ACEH BESAR",
  "tgl_akta_notaris": "03\/27\/2023",
  "no_ad_art": 60,
  "tgl_ad_art": "02\/26\/2023",
  "email": "dpa@partaiaceh.org",
  "website": "partaiaceh.org",
  "no urut pemilu 2024": 21
 },
 {
  "id": 80,
  "nama_parpol": "PARTAI SIRA (SOLIDITAS INDEPENDEN RAKYAT ACEH)",
  "akronim": "SIRA",
  "no_sk_lambang_pp": "W.1-AH.11.01-328",
  "no_bn_pp_terdaftar": 51,
  "tgl_bn_pp_terdaftar": "06\/28\/2022",
  "nama_notaris": "IKA SUSILAWATI, SH., M.Kn",
  "no_akte_notaris": 25,
  "alamat_notaris": "Jl. Soekarno Hatta, Ruko Solong No. 7 Lampeuneurut Kec. Darul Imarah Kab. Aceh Besar",
  "tgl_akta_notaris": "04\/21\/2022",
  "no_ad_art": "07\/KONGRES PARTAI SIRA-II\/III\/2022",
  "tgl_ad_art": "03\/28\/2022",
  "email": "dpppartaisira17@gmail.com",
  "website": "www.partaisira.org",
  "no urut pemilu 2024": 23
 },
 {
  "id": 82,
  "nama_parpol": "Partai Nanggroe Aceh",
  "akronim": "PNA",
  "no_sk_lambang_pp": "W.1-AH.11.01-336",
  "no_bn_pp_terdaftar": 3,
  "tgl_bn_pp_terdaftar": "01\/11\/2022",
  "nama_notaris": "DR. TEUKU ABDURRAHMAN,SH, SpN",
  "no_akte_notaris": 3,
  "alamat_notaris": "Jln. Cut Meutia No. 20 Banda Aceh",
  "tgl_akta_notaris": "11\/10\/2021",
  "no_ad_art": "-",
  "tgl_ad_art": "07\/18\/2017",
  "email": "sekretariat.dpppna@gmail.com",
  "website": "pna.or.id",
  "no urut pemilu 2024": 18
 },
 {
  "id": 83,
  "nama_parpol": "Partai Generasi Atjeh Beusaboh Tha'at Dan Taqwa",
  "akronim": "GABTHAT",
  "no_sk_lambang_pp": "W.1-AH.11.01-330",
  "no_bn_pp_terdaftar": 44,
  "tgl_bn_pp_terdaftar": "06\/01\/2021",
  "nama_notaris": "LILA TRIANA,SH.",
  "no_akte_notaris": 24,
  "alamat_notaris": "JALAN SULTAN ISKANDAR MUDA NO.03 PUNGE JURONG, MERAXA BANDA ACEH",
  "tgl_akta_notaris": "03\/20\/2021",
  "no_ad_art": "No. 01 \/ TAP \/ MUKTAMAR\/GABTHAT\/2007",
  "tgl_ad_art": "04\/14\/2007",
  "no urut pemilu 2024": 19
 },
 {
  "id": 84,
  "nama_parpol": "Partai Adil Sejahtera Aceh",
  "akronim": "PAS ACEH",
  "no_sk_lambang_pp": "W.1-AH.11.01-331",
  "no_bn_pp_terdaftar": "6 (ENAM)",
  "tgl_bn_pp_terdaftar": "01\/21\/2022",
  "nama_notaris": "ELLY SAFIANA, S.H, Sp.N",
  "no_akte_notaris": "1 (SATU)",
  "alamat_notaris": "JALAN POCUT BAREN NO.51 TELP 31214 BANDA ACEH 23111 (0651)",
  "tgl_akta_notaris": "10\/07\/2021",
  "no_ad_art": "04\/MUBAR-I\/FORMATUR\/VIII\/2021",
  "tgl_ad_art": "08\/19\/2021",
  "email": "mpppasaceh@gmail.com",
  "website": "pas-aceh.com",
  "no urut pemilu 2024": 22
 },
 {
  "id": 93,
  "nama_parpol": "Partai Darul Aceh",
  "akronim": "PDA",
  "no_sk_lambang_pp": "W.1-AH.11.01-327",
  "no_bn_pp_terdaftar": 52,
  "tgl_bn_pp_terdaftar": "07\/01\/2022",
  "nama_notaris": "YUNIARTI, SH., M.KN",
  "no_akte_notaris": 33,
  "alamat_notaris": "JL. DR. MR. T. H. MUHAMMAD HASAN NO. WAQAF 3 BLANG CUT BANDA ACEH",
  "tgl_akta_notaris": "06\/02\/2022",
  "no_ad_art": "004\/MURALUB\/PDA\/IX\/2021",
  "tgl_ad_art": "09\/11\/2021",
  "email": "partaidarulaceh2024@gmail.com",
  "website": "www.partaidarulaceh.id",
  "no urut pemilu 2024": 20
 }
]